M	balancer/grpclb/grpclb.go	86ba65be4c00480f00b0d39d390188f767651b7e	47a3e938dcf56dd1ba66a7a3f2821c1327446d6f
M	balancer/grpclb/grpclb_remote_balancer.go	c8fe1edd8e530ab2b23bcbead0cf0fe0ddfb6028	f8b5229c3536e628202d1bc6504a20f10397de39
M	balancer/grpclb/grpclb_test.go	69e842cb435d02d2f59af9eb02905378d0685cc9	619a1cafffa03a845a5b10594975bdc8c760152f
M	balancer/rls/config.go	77b6bdcd1cca51d0cf38faa940823f5f5a3a947e	439581c78bc120f4720c1332f94f12405b03e3a8
M	binarylog/binarylog_end2end_test.go	277c17a1072682dae1cb71528ed11fd08e1e2f73	f5bf58d37128194d5084086bac099e8cc192cfa6
M	credentials/alts/alts_test.go	1d7de91a7c1ae9b5f72df6796bcea707b3772d12	b607e4525384ccc9be58ce14815a4ed51e2153ce
M	encoding/proto/proto.go	0ee3d3bae9739e9f15a26f8869c0e16e2177d8c7	f34f6e65f0e3bace44a416c78ed4700af5798b41
M	encoding/proto/proto_benchmark_test.go	8a085e6036b5a0037ad3f7437970bb750b25aa3a	8b4cec75634244a987317684f6615f2db2da202a
M	examples/go.mod	a500cf90702313f6d64600e2adb0c971b2193dd7	683cc06972c9daa3c6f55c9c2eecfd3f184e42bc
M	examples/route_guide/server/server.go	44b2f963516b4a15ef363e6d59267c0d2b4a778c	e85e5b914cb44eab17188297573bec32c46f0053
M	internal/binarylog/method_logger.go	0f31274a3cccacc32d7b70e495672609d7a3bae6	e8456a77c254778516c2eeb0214822173d299709
M	internal/binarylog/method_logger_test.go	11255bb338b4c2cefa5174cb8cb843ea1be17c0b	d892a45669d7d90372642304c4b24bfe8dfc3a49
M	internal/binarylog/sink.go	264de387c2a5eab6ba8cbeef1e31a62d3c04feaf	9ea598b14c077d3e9443a2e3ac59231b0f577510
M	internal/pretty/pretty.go	7033191375debd2e93ce34ae9aaa423349e676f8	52cfab1b93d964e8d10764fe6d5b9ac2df6f8e3c
M	internal/status/status.go	03ef2fedd5cb5f86a8344e405f6b050e10724b54	c7dbc82059525fa10d24041a6757b28242c7c914
M	internal/testutils/marshal_any.go	c84096eb2548665918e9cabfb87af57dd79f0592	12ce83277da4b17288bfcb449d2ac5d14ccf4b58
M	internal/testutils/status_equal.go	dfd647336df8287c4ea45d98693be679be274847	961e5a3d0d8285c2b5261b0cc9ae89f31672225e
M	internal/testutils/status_equal_test.go	850bf0fde89f2b3cf012d64745e64012ba10e689	0c1db3c648ca992eaf41d28e565cbad66cad75dd
M	internal/testutils/xds/e2e/clientresources.go	64accf09cd78fb167e818e842fcfe4205f948a65	347ea804231501bdf3dae67443b7435f4e653325
M	internal/testutils/xds/fakeserver/server.go	e2f2fb39e0ddb68116c294a3932448582d00b376	241f993642a122df3604eb63781e443cff5ef319
M	internal/transport/handler_server.go	a9d70e2a16c3e3903c8cb4ce30727c6a79eeb087	bd39ff9a22900c4c783844c5017f41230420881f
M	internal/transport/handler_server_test.go	acd5e6e33f875ee5d2b15952c8707d7fa113480f	9f96db691ed83cbc244b3b9c956fa6f780d79182
M	internal/transport/http2_server.go	f6bac0e8a00daa5a13ac42f60603ac49b4faf65b	5d49403c75a71f28be2999dfbea67a047f310135
M	internal/xds/rbac/rbac_engine_test.go	d0c3ae7af3e869c7977259d73910eb279d3461d5	94f12e92400ad4fe84e668977fac3ecd620316ee
M	interop/test_utils.go	7b597cae40eb9c216a3ea744f154b8449bf62785	83e656832e2840b3a3aea636f2167745be647d73
M	orca/call_metrics_test.go	474ac710b55b5fd2cf63cf04d2c1777673e765b2	860885aec46e296f916063389b9e065d2a17e9f0
M	orca/orca_test.go	4f85e7b0159232d1fb27eae3137a50b78a76a942	ce5b7bbefafeb3368b5e34a7b9c9fcebb9f5d876
M	orca/producer_test.go	5d29e1a0d322fa22b1f1ed4238fa32196ba958d3	ece8a8db71457eed25fca2b19316120f021d3bcc
M	orca/service_test.go	9c4defbe266b7a3a7f423b76988f9529bdee0b41	0ac3d6420db21428d5414f86313f8a90eccc8310
M	rpc_util_test.go	84f2348655b94a5f9612367b79aa7037645734e9	3f84b98395fbf8374d8c6d105c725ebda4945bde
M	stats/stats_test.go	09b7acaa4a3cffefef356e1a5f5c3dc5e0b27120	47c0ab326f69908d1d602a7ff10e26fe57606aea
M	status/status_ext_test.go	5fc0086c9a29be43bf27f35c229bf842057cbc60	659d10d0deb0c25a89962dfe516ca9550354e692
M	status/status_test.go	d21a862f36372f0f589aa88dc78e596f9836f0c3	bee7ceed8d82c05ff8f9425e11ba021943bb62f8
M	test/end2end_test.go	97a7f18125535932a7ccd73dabdc892dc43e9841	001a1228a25b79a84c6bd7febe85a12597d6fe45
M	test/retry_test.go	49becb359097575b86ed609bfd9b3945fcc443e6	e86a8a9511538a006dfc11ad1ed3dfb2a710545a
M	test/tools/go.mod	874d8fa6dc2a017ad54c348be404ce9aeb5b0791	0a8e845fb87e61d6bc5f70cdf6c5d3ce8cf75971
M	test/tools/go.sum	dd35dd3ee5cbeb3ba446588918a6ab6d52448fcc	d509320dcdc3c5ce59da61606c7f076baef6ec13
M	test/tools/tools.go	d585cb6eb9aaa5055b539cf49619674920c1ebe6	a192fd37cfbeca6074e2cb52f071e9079e29e3d8
M	test/xds/xds_client_custom_lb_test.go	1bfc2e1eb39b6964a43270b603ed26c5c43ba9f6	6128b02f0b4fd179dec537bd5172aa766b268125
M	test/xds/xds_server_rbac_test.go	5528baa00395d8c5ca6a7d7e800147b6cf13240e	953d88f96fc53ff8d30cf8a769149ab18fa0a744
M	xds/csds/csds_e2e_test.go	2f328bc834148fe05847219f38cc97cfa59d8e31	83bb0a4dd54476059b7ecd62280058c127906b0d
M	xds/internal/clusterspecifier/cluster_specifier.go	8fcb83cdbb1eacc01f5f422a3e5fc30d8d0338fc	f81e2cab0f8c9085a5cf26ed126f0d68d9998c85
M	xds/internal/clusterspecifier/rls/rls.go	46238ca627712304d3eb7ec41d555e07ae066784	74abfec1fa88ed0f65ab45ad21f722c9adea7d12
M	xds/internal/clusterspecifier/rls/rls_test.go	3297aa83a9afaf83389b6520032f326ba8147532	8f09ac152b90558ec29ce09764ea22e5171d602c
M	xds/internal/httpfilter/fault/fault.go	aa329d13ac30380a133da21c3ca715030788af77	3ad93e27b1d3784a2a297b6dc9a607444628eb3b
M	xds/internal/httpfilter/fault/fault_test.go	34300a41954652f46a84118bd2121f841d07e3eb	94e0f0c00be6848f424220901d31b4bae9bf8a87
M	xds/internal/httpfilter/httpfilter.go	dd9a278389b5be34a3948733c0d9d9ed0e96bf52	4402f0ebff5d2f31bd6d504169c1df2f676bfdee
M	xds/internal/httpfilter/rbac/rbac.go	21fa2f4cf324de6b673c8c89f55de2c20fc3785c	37de3a39b64f68552f5a46bfdd9b639b727041ce
M	xds/internal/httpfilter/router/router.go	1ac6518170fc02e368aa8496148a7c6c68a7b89c	1675ec86ec11cdd76330b732b196780a47c5710c
M	xds/internal/resolver/cluster_specifier_plugin_test.go	aac5b7730d449c3d04e293b587c3247293f3d862	007a0af1afaf5ec7fd81d6a7d5b9e0cd431a8010
M	xds/internal/resolver/xds_resolver_test.go	bb108fa69052fd00f98e59592d46cd2b255671fc	1a0ca4ed5b408e89bcee1e354cbf04ebcb9bd790
M	xds/internal/testutils/protos.go	fc3cdf307fcd896b5278202c84f1c8b80f84b884	3d1906b6212d181828e541e9ca5805c2638c7040
M	xds/internal/xdsclient/bootstrap/bootstrap_test.go	a1138e2363d5dcc30c5f4a2ce451d5e35ea5890c	8933f4303bc8dcbf78fdabd5a4038e9b7a32e6e7
M	xds/internal/xdsclient/loadreport_test.go	06e58acdd2dc27fac6c2f15cd799726093b9ae3a	dba99d9d26e2b2ba9b02bef67b8e57390d02aae0
M	xds/internal/xdsclient/transport/loadreport.go	4b8ca29ce93f3823d3e2608d9baecc3bfbe0de66	289fd62cbc75dad626532eb96947201f98c3d492
M	xds/internal/xdsclient/xdslbregistry/converter/converter.go	b520e37c7ca8cfa7f2af0667decadb5e9e2b6d70	076ae8644f88c10fc115dbeaf255cab4de23daed
M	xds/internal/xdsclient/xdslbregistry/xdslbregistry_test.go	5beaee5fd953f2ea52bb5bbaca10225e8ef29847	d3a7bef0942d7017af07bb5c170dc53af9bb8b43
M	xds/internal/xdsclient/xdsresource/filter_chain.go	2541fc8cd7bfdc85c803b30794745a25499013bb	29b14e636bf29f2704e1a2a3edd5a4f7c84bc00c
M	xds/internal/xdsclient/xdsresource/tests/unmarshal_cds_test.go	0019162a009730bc8fe2f158aa78bb2be21cb79f	e373034e5635f7c6e6136ff6b3f27867e1a392b2
M	xds/internal/xdsclient/xdsresource/type.go	35cfa9ee76789ef425f887e2fcb8ba26d2442521	994204101835f68f1df18b97187ade084b681934
M	xds/internal/xdsclient/xdsresource/unmarshal_cds.go	ec58468631fba2b8fcf1a28ca9134a8d07164909	c5b751d4d8a9996f28e111888b8c406ee8441d1f
M	xds/internal/xdsclient/xdsresource/unmarshal_cds_test.go	24035263b99aef8233192a832c2cf77f1b33e999	638cf91980dcc9dc1f7e79ace8230c93f8769780
M	xds/internal/xdsclient/xdsresource/unmarshal_eds.go	95333aaf61d5e56fccd85211e7befaac759cecae	f65845b702c8ca41c31b9e4fc8feebfd499c3e7f
M	xds/internal/xdsclient/xdsresource/unmarshal_eds_test.go	a5c466dd4d74ad4beda1456bdcc1439ff9d396ea	f2419eac55a4ece73acc7ac20e0e1ea5df9c83e6
M	xds/internal/xdsclient/xdsresource/unmarshal_lds.go	8f18b02e28a60b55f20568c43e04b789312600aa	67ad58d437012401e762137673d3ced96535445e
M	xds/internal/xdsclient/xdsresource/unmarshal_lds_test.go	5b260444c11ea8ee5648fd0753e7c726dc52825c	c6cd3a68352aaee2732f7b0f5f0427f2571d9e19
M	xds/internal/xdsclient/xdsresource/unmarshal_rds.go	2e39540769b213697d38b27ffd06fb77fe86b0e1	db862514eb58b8c9f36fdb3ec04ad6b2d97afce0
M	xds/internal/xdsclient/xdsresource/unmarshal_rds_test.go	abe8bfc7dbc848254542cf9c99edcd66512100f2	c545ba45e996c6248fde5c028c0db151dd0d0cbc
