abe0c506	2026-09-30	grpc: add support for Channel Factory, as per A119 (#9448)
d3d21edb	2026-09-29	grpc: apply the config selector only after the LB policy is updated (#9442)
cd137b27	2026-09-15	grpc: simplify invoke() by sharing code with streaming RPCs (#9417)
2fbc8839	2026-09-10	grpc: place defaultStreamInterceptor after user interceptors (#9404)
91f43d64	2026-08-31	xds/resolver: drop field references on Close to prevent retention across ClientConn recycle (#9301)
b6eac429	2026-07-23	grpc: fix plan9 build by moving errno matching to a !plan9 file (#9255)
081051ce	2026-07-22	grpc: move different type RPC handling out of underlying stream implementations (#9226)
34da8d03	2026-03-31	transport: Add values to the grpc.disconnect_error label for grpc.subchannel.disconnections metric (A94) (#8973)
85ede8e4	2026-01-08	transport: Remove unused return value from connect() (#8787)
e05f643e	2026-01-08	clientconn: close canceled transport synchronously (#8786)
e7a6fed4	2026-01-07	xds: Revert workaround to get SubConn locality (#8802)
6553ea1a	2025-12-10	stats/otel: Add subchannel metrics (A94) (#8738)
81a00cec	2025-12-09	grpc: Fixing spelling typo (#8756)
e413838c	2025-12-09	client: Change connectivity state to CONNECTING when creating the name resolver (#8710)
ab1ca089	2025-10-17	stats: Re-use objects while calling multiple Handlers (#8639)
05133508	2025-09-17	client: minor improvements to log messages (#8564)
2bd74b28	2025-08-05	credentials: fix behavior of grpc.WithAuthority and credential handshake precedence (#8488)
a5e7cd6d	2025-07-21	stats: add DelayedPickComplete and follow correct semantics (#8465)
ce35fd41	2025-04-04	stats/opentelemetry: add trace event for name resolution delay (#8074)
c75fc8ed	2025-02-20	chore: enable early-return and unnecessary-stmt and useless-break from revive (#8100)
91eb6aaf	2025-02-14	client: improve documentation of target strings (#8078)
3409a56e	2025-01-28	cleanup: rename fields for clarity (#8043)
2fd426d0	2025-01-24	transport,grpc: Integrate delegating resolver and introduce dial options for target host resolution (#7881)
74738cf4	2024-11-08	grpc: Remove health check func dial option used for testing (#7820)
70e8931a	2024-11-01	transport: remove useless trampoline function (#7801)
6cd00c93	2024-10-16	clientconn: remove redundant check (#7700)
b850ea53	2024-10-10	transport : wait for goroutines to exit before transport closes (#7666)
00b9e140	2024-10-10	pickfirst: New pick first policy for dualstack (#7498)
ca4865d6	2024-09-30	balancer: automatically stop producers on subchannel state changes (#7663)
8ea3460a	2024-09-20	balancer: fix logic to prevent producer streams before READY is reported (#7651)
3b626a7b	2024-09-16	*: fix more typos (#7619)
0a5b8f7c	2024-08-21	balancer: disallow producer streams until SubConn has reported READY (#7523)
c8951abc	2024-08-14	*: fix minor typos (#7487)
84a4ef16	2024-07-25	internal/stats: Add metrics recorder list and usage in ClientConn  (#7428)
40f39988	2024-07-24	client: Stabilize WaitForStateChange API (#7425)
9c5b31d7	2024-07-10	xds: use locality from the connected address for load reporting (#7378)
